{"stat.chestOpened":7,"stat.walkOneCm":384386,"stat.drop.srparasites.lurecomponent1":1,"stat.pickup.minecraft.bone":1,"stat.horseOneCm":1483,"stat.leaveGame":14,"stat.furnaceInteraction":1,"stat.pickup.ebwizardry.magic_crystal":3,"stat.mineBlock.minecraft.double_plant":1,"stat.useItem.minecraft.cooked_porkchop":2,"stat.mineBlock.srparasites.gore":5,"stat.pickup.srparasites.lurecomponent1":11,"stat.talkedToVillager":1,"stat.entityKilledBy.ancientspellcraft:skeleton_mage":1,"stat.pickup.minecraft.log":1,"stat.jump":498,"stat.swimOneCm":3076,"stat.fallOneCm":59298,"stat.climbOneCm":2042,"stat.pickup.minecraft.beef":6,"stat.pickup.ebwizardry.arcane_tome":1,"stat.pickup.minecraft.cooked_porkchop":3,"stat.pickup.minecraft.porkchop":4,"stat.crouchOneCm":10581,"stat.pickup.minecraft.chicken":1,"stat.pickup.minecraft.dirt":6,"stat.sprintOneCm":27105,"stat.useItem.minecraft.stone_slab2":1,"stat.entityKilledBy.Enderman":1,"stat.pickup.minecraft.cooked_beef":6,"stat.killEntity.ebwizardry:evil_wizard":1,"stat.killEntity.ancientspellcraft:skeleton_mage":3,"stat.killEntity.Horse":1,"stat.useItem.minecraft.egg":2,"stat.killEntity.Chicken":2,"stat.damageTaken":2269,"stat.pickup.minecraft.leather":4,"stat.mobKills":30,"stat.mineBlock.minecraft.log":1,"stat.flyOneCm":145762,"stat.deaths":5,"stat.pickup.minecraft.wheat_seeds":5,"stat.drop":2,"stat.mineBlock.minecraft.leaves":1,"stat.pickup.minecraft.egg":3,"stat.playOneMinute":136081,"stat.drop.minecraft.wheat_seeds":1,"stat.sneakTime":3694,"stat.damageDealt":1804,"stat.timeSinceDeath":32144,"stat.killEntity.Cow":4,"stat.mineBlock.minecraft.dirt":2,"stat.killEntity.Pig":3,"stat.mineBlock.minecraft.tallgrass":9,"stat.diveOneCm":2503}