{
  "minecraft:recipes/decorations/item_frame": {
    "criteria": {
      "has_leather": "2024-06-09 01:11:32 +0000"
    },
    "done": true
  },
  "ebwizardry:discover_master_spell": {
    "criteria": {
      "criteria_0": "2024-06-09 01:06:36 +0000"
    },
    "done": true
  },
  "minecraft:recipes/combat/leather_chestplate": {
    "criteria": {
      "has_leather": "2024-06-09 01:11:32 +0000"
    },
    "done": true
  },
  "minecraft:recipes/transportation/dark_oak_boat": {
    "criteria": {
      "entered_water": "2024-06-09 01:06:30 +0000"
    },
    "done": true
  },
  "minecraft:recipes/food/cake": {
    "criteria": {
      "has_egg": "2024-06-17 20:28:06 +0000"
    },
    "done": true
  },
  "heroesexpansion:spider_powers/web_wings": {
    "criteria": {
      "web_wings": "2024-06-17 20:44:02 +0000"
    },
    "done": true
  },
  "minecraft:husbandry/balanced_diet": {
    "criteria": {
      "cooked_porkchop": "2024-06-17 20:24:33 +0000"
    },
    "done": false
  },
  "ebwizardry:all_spells": {
    "criteria": {
      "frost_ray": "2024-06-17 20:48:52 +0000",
      "ray_of_purification": "2024-06-17 21:04:05 +0000",
      "flame_ray": "2024-06-17 20:29:12 +0000",
      "pocket_furnace": "2024-06-17 20:57:30 +0000",
      "paralysis": "2024-06-17 20:09:56 +0000",
      "detonate": "2024-06-17 20:30:46 +0000",
      "frost_step": "2024-06-17 20:48:57 +0000",
      "wall_of_frost": "2024-06-17 20:13:54 +0000",
      "dart": "2024-06-17 20:48:22 +0000",
      "arc": "2024-06-17 21:03:54 +0000",
      "mine": "2024-06-09 01:13:08 +0000",
      "charge": "2024-06-09 01:17:17 +0000",
      "tornado": "2024-06-17 20:45:42 +0000",
      "poison_bomb": "2024-06-09 01:22:42 +0000",
      "possession": "2024-06-09 01:06:36 +0000",
      "lightning_ray": "2024-06-17 20:05:58 +0000",
      "shockwave": "2024-06-09 01:07:13 +0000",
      "firebolt": "2024-06-17 20:13:34 +0000",
      "firebomb": "2024-06-09 01:22:38 +0000",
      "boulder": "2024-06-17 20:36:38 +0000",
      "blink": "2024-06-17 20:52:12 +0000",
      "decoy": "2024-06-17 20:52:30 +0000",
      "lightning_web": "2024-06-09 01:22:15 +0000",
      "lightning_arrow": "2024-06-17 20:09:56 +0000"
    },
    "done": false
  },
  "ebwizardry:discover_spell": {
    "criteria": {
      "criteria_0": "2024-06-09 01:06:36 +0000"
    },
    "done": true
  },
  "ebwizardry:defeat_evil_wizard": {
    "criteria": {
      "criteria_0": "2024-06-09 01:09:57 +0000"
    },
    "done": true
  },
  "ebwizardry:handbook/elements": {
    "criteria": {
      "healing": "2024-06-17 20:57:12 +0000"
    },
    "done": true
  },
  "heroesexpansion:root": {
    "criteria": {
      "tick": "2024-06-09 00:20:44 +0000"
    },
    "done": true
  },
  "minecraft:recipes/combat/leather_helmet": {
    "criteria": {
      "has_leather": "2024-06-09 01:11:32 +0000"
    },
    "done": true
  },
  "minecraft:adventure/adventuring_time": {
    "criteria": {
      "forest": "2024-06-09 00:35:15 +0000",
      "plains": "2024-06-09 00:35:05 +0000",
      "taiga": "2024-06-09 00:20:44 +0000",
      "river": "2024-06-09 00:35:04 +0000"
    },
    "done": false
  },
  "ebwizardry:root": {
    "criteria": {
      "criteria_0": "2024-06-09 01:09:57 +0000"
    },
    "done": true
  },
  "ebwizardry:crystal": {
    "criteria": {
      "criteria_0": "2024-06-09 01:09:57 +0000"
    },
    "done": true
  },
  "minecraft:recipes/building_blocks/spruce_planks": {
    "criteria": {
      "has_log": "2024-06-17 20:27:33 +0000"
    },
    "done": true
  },
  "minecraft:recipes/misc/bone_meal_from_bone": {
    "criteria": {
      "has_bone": "2024-06-17 20:36:43 +0000"
    },
    "done": true
  },
  "minecraft:story/iron_tools": {
    "criteria": {
      "iron_pickaxe": "2024-06-09 00:40:26 +0000"
    },
    "done": true
  },
  "minecraft:husbandry/root": {
    "criteria": {
      "consumed_item": "2024-06-17 20:24:33 +0000"
    },
    "done": true
  },
  "minecraft:recipes/transportation/birch_boat": {
    "criteria": {
      "entered_water": "2024-06-09 01:06:30 +0000"
    },
    "done": true
  },
  "ebwizardry:wizard_tower": {
    "criteria": {
      "criteria_0": "2024-06-09 01:09:25 +0000"
    },
    "done": true
  },
  "minecraft:recipes/decorations/chest": {
    "criteria": {
      "has_lots_of_items": "2024-06-09 01:20:37 +0000"
    },
    "done": true
  },
  "heroesexpansion:god_of_thunder/god_mode": {
    "criteria": {
      "god_mode": "2024-06-09 01:08:14 +0000"
    },
    "done": true
  },
  "speedsterheroes:main/phasing": {
    "criteria": {
      "ability": "2024-06-09 01:11:00 +0000"
    },
    "done": true
  },
  "minecraft:recipes/transportation/acacia_boat": {
    "criteria": {
      "entered_water": "2024-06-09 01:06:30 +0000"
    },
    "done": true
  },
  "minecraft:adventure/root": {
    "criteria": {
      "killed_something": "2024-06-09 01:07:06 +0000"
    },
    "done": true
  },
  "minecraft:recipes/transportation/boat": {
    "criteria": {
      "entered_water": "2024-06-09 01:06:30 +0000"
    },
    "done": true
  },
  "minecraft:recipes/combat/leather_boots": {
    "criteria": {
      "has_leather": "2024-06-09 01:11:32 +0000"
    },
    "done": true
  },
  "heroesexpansion:spider_powers/spider_sense": {
    "criteria": {
      "spider_sense": "2024-06-17 20:29:08 +0000"
    },
    "done": true
  },
  "speedsterheroes:main/savitar_blade": {
    "criteria": {
      "ability": "2024-06-17 20:53:08 +0000"
    },
    "done": true
  },
  "minecraft:recipes/transportation/jungle_boat": {
    "criteria": {
      "entered_water": "2024-06-09 01:06:30 +0000"
    },
    "done": true
  },
  "minecraft:recipes/transportation/spruce_boat": {
    "criteria": {
      "entered_water": "2024-06-09 01:06:30 +0000"
    },
    "done": true
  },
  "minecraft:recipes/combat/leather_leggings": {
    "criteria": {
      "has_leather": "2024-06-09 01:11:32 +0000"
    },
    "done": true
  },
  "ebwizardry:handbook/tome_of_arcana": {
    "criteria": {
      "criteria_0": "2024-06-17 20:29:22 +0000"
    },
    "done": false
  }
}